{
    "stats": {
        "vel_hist": [
            264.97333333333336,
            12.313333333333333,
            15.173333333333334,
            20.30666666666667,
            20.413333333333334,
            19.04,
            14.246666666666666,
            7.24,
            3.8333333333333335,
            1.9133333333333333,
            0.47333333333333333,
            0.24666666666666667,
            0.07333333333333333,
            0.02666666666666667,
            0.006666666666666667,
            0.013333333333333334,
            0.0,
            0.0,
            0.0,
            0.0
        ],
        "lon_acc_hist": [
            190.84,
            14.813333333333333,
            6.733333333333333,
            4.013333333333334,
            2.2066666666666666,
            1.38,
            0.94,
            0.5733333333333334,
            0.34,
            0.24666666666666667,
            0.09333333333333334,
            0.1,
            0.06666666666666667,
            0.03333333333333333,
            0.06,
            0.03333333333333333,
            0.02666666666666667,
            0.02,
            0.02,
            0.013333333333333334
        ],
        "lat_acc_hist": [
            214.41333333333333,
            18.74,
            9.406666666666666,
            4.966666666666667,
            2.7133333333333334,
            1.3466666666666667,
            0.8266666666666667,
            0.56,
            0.31333333333333335,
            0.16666666666666666,
            0.14666666666666667,
            0.04,
            0.08,
            0.02666666666666667,
            0.02,
            0.04666666666666667,
            0.04666666666666667,
            0.013333333333333334,
            0.006666666666666667,
            0.006666666666666667
        ],
        "jerk_hist": [
            198.68,
            20.666666666666668,
            10.053333333333333,
            5.92,
            4.006666666666667,
            2.62,
            1.6866666666666668,
            1.0266666666666666,
            0.6933333333333334,
            0.5466666666666666,
            0.3,
            0.30666666666666664,
            0.11333333333333333,
            0.13333333333333333,
            0.1,
            0.07333333333333333,
            0.06666666666666667,
            0.06,
            0.04,
            0.04666666666666667
        ]
    },
    "ticks": {
        "vel_hist": [
            0.0,
            1.5,
            3.0,
            4.5,
            6.0,
            7.5,
            9.0,
            10.5,
            12.0,
            13.5,
            15.0,
            16.5,
            18.0,
            19.5,
            21.0,
            22.5,
            24.0,
            25.5,
            27.0,
            28.5,
            30.0
        ],
        "lon_acc_hist": [
            0.0,
            0.5,
            1.0,
            1.5,
            2.0,
            2.5,
            3.0,
            3.5,
            4.0,
            4.5,
            5.0,
            5.5,
            6.0,
            6.5,
            7.0,
            7.5,
            8.0,
            8.5,
            9.0,
            9.5,
            10.0
        ],
        "lat_acc_hist": [
            0.0,
            0.5,
            1.0,
            1.5,
            2.0,
            2.5,
            3.0,
            3.5,
            4.0,
            4.5,
            5.0,
            5.5,
            6.0,
            6.5,
            7.0,
            7.5,
            8.0,
            8.5,
            9.0,
            9.5,
            10.0
        ],
        "jerk_hist": [
            0.0,
            1.0,
            2.0,
            3.0,
            4.0,
            5.0,
            6.0,
            7.0,
            8.0,
            9.0,
            10.0,
            11.0,
            12.0,
            13.0,
            14.0,
            15.0,
            16.0,
            17.0,
            18.0,
            19.0,
            20.0
        ]
    }
}