{
    "stats": {
        "vel_hist": [
            1206.3499755859375,
            42.52000045776367,
            61.529998779296875,
            92.77999877929688,
            90.20999908447266,
            64.87000274658203,
            39.119998931884766,
            24.760000228881836,
            7.980000019073486,
            2.390000104904175,
            1.4500000476837158,
            0.03999999910593033,
            0.0,
            0.0,
            0.0,
            0.0,
            0.0,
            0.0,
            0.0,
            0.0
        ],
        "lon_acc_hist": [
            1315.75,
            27.56999969482422,
            16.670000076293945,
            9.149999618530273,
            5.980000019073486,
            4.110000133514404,
            3.240000009536743,
            2.390000104904175,
            1.6699999570846558,
            1.0399999618530273,
            0.4099999964237213,
            0.12999999523162842,
            0.17000000178813934,
            0.07000000029802322,
            0.05000000074505806,
            0.029999999329447746,
            0.009999999776482582,
            0.019999999552965164,
            0.009999999776482582,
            0.009999999776482582
        ],
        "lat_acc_hist": [
            1322.6500244140625,
            27.90999984741211,
            16.479999542236328,
            8.350000381469727,
            5.400000095367432,
            4.190000057220459,
            2.7200000286102295,
            1.6299999952316284,
            1.1299999952316284,
            0.6800000071525574,
            0.46000000834465027,
            0.30000001192092896,
            0.1599999964237213,
            0.10000000149011612,
            0.029999999329447746,
            0.05000000074505806,
            0.03999999910593033,
            0.029999999329447746,
            0.0,
            0.009999999776482582
        ],
        "jerk_hist": [
            1300.8599853515625,
            11.739999771118164,
            7.010000228881836,
            5.210000038146973,
            4.300000190734863,
            4.010000228881836,
            3.2799999713897705,
            3.2100000381469727,
            3.3299999237060547,
            3.390000104904175,
            3.1600000858306885,
            3.2899999618530273,
            2.8399999141693115,
            2.950000047683716,
            2.7699999809265137,
            2.75,
            2.5399999618530273,
            1.8200000524520874,
            1.9299999475479126,
            1.590000033378601
        ]
    },
    "ticks": {
        "velocity": [
            0.0,
            1.5,
            3.0,
            4.5,
            6.0,
            7.5,
            9.0,
            10.5,
            12.0,
            13.5,
            15.0,
            16.5,
            18.0,
            19.5,
            21.0,
            22.5,
            24.0,
            25.5,
            27.0,
            28.5,
            30.0
        ],
        "lon_accel": [
            0.0,
            0.5,
            1.0,
            1.5,
            2.0,
            2.5,
            3.0,
            3.5,
            4.0,
            4.5,
            5.0,
            5.5,
            6.0,
            6.5,
            7.0,
            7.5,
            8.0,
            8.5,
            9.0,
            9.5,
            10.0
        ],
        "lat_accel": [
            0.0,
            0.5,
            1.0,
            1.5,
            2.0,
            2.5,
            3.0,
            3.5,
            4.0,
            4.5,
            5.0,
            5.5,
            6.0,
            6.5,
            7.0,
            7.5,
            8.0,
            8.5,
            9.0,
            9.5,
            10.0
        ],
        "jerk": [
            0.0,
            1.0,
            2.0,
            3.0,
            4.0,
            5.0,
            6.0,
            7.0,
            8.0,
            9.0,
            10.0,
            11.0,
            12.0,
            13.0,
            14.0,
            15.0,
            16.0,
            17.0,
            18.0,
            19.0,
            20.0
        ]
    }
}