{
    "stats": {
        "vel_hist": [
            0.7382802902181925,
            0.02602203250577276,
            0.037656058586017074,
            0.05678090588260076,
            0.055208078627695806,
            0.03970012469303507,
            0.023941248186074023,
            0.015152999150103754,
            0.004883721017328492,
            0.001462668385443563,
            0.0008873929437436843,
            2.4479803992460854e-05,
            0.0,
            0.0,
            0.0,
            0.0,
            0.0,
            0.0,
            0.0,
            0.0
        ],
        "lon_acc_hist": [
            0.947618979322046,
            0.019856245465109973,
            0.012005934605811208,
            0.006589939805668834,
            0.0043068679569980865,
            0.0029600715421124017,
            0.002333486986160462,
            0.0017213068287964105,
            0.0012027540602701288,
            0.0007490204843975927,
            0.00029528692998904754,
            9.362756054969908e-05,
            0.0001224360464976041,
            5.041484235983712e-05,
            3.601060206888349e-05,
            2.160636043643043e-05,
            7.20212014547681e-06,
            1.440424029095362e-05,
            7.20212014547681e-06,
            7.20212014547681e-06
        ],
        "lat_acc_hist": [
            0.9499612167128035,
            0.02004567869361155,
            0.011836358921555712,
            0.005997184724241268,
            0.003878418754890971,
            0.0030093656514671475,
            0.001953573877399735,
            0.0011707078593205813,
            0.0008115950179876524,
            0.0004883934693499338,
            0.00033038382001963673,
            0.0002154677133616747,
            0.00011491610665796205,
            7.182256933682545e-05,
            2.1546769998367886e-05,
            3.5911284668412726e-05,
            2.8729026664490513e-05,
            2.1546769998367886e-05,
            0.0,
            7.182256666122628e-06
        ],
        "jerk_hist": [
            0.9481625087712805,
            0.008556975970745496,
            0.005109404146755715,
            0.003797431516453991,
            0.003134156645968552,
            0.0029227833279555212,
            0.002390705407701637,
            0.002339684303920529,
            0.002427149053259572,
            0.002470881601706103,
            0.0023032406583625943,
            0.002397994136813224,
            0.002070000979237793,
            0.002150177173242259,
            0.0020189798754566847,
            0.002004402417233511,
            0.0018513389321131758,
            0.001326550001636393,
            0.0014067260218638491,
            0.001158909058292884
        ]
    },
    "ticks": {
        "vel_hist": [
            0.0,
            1.5,
            3.0,
            4.5,
            6.0,
            7.5,
            9.0,
            10.5,
            12.0,
            13.5,
            15.0,
            16.5,
            18.0,
            19.5,
            21.0,
            22.5,
            24.0,
            25.5,
            27.0,
            28.5,
            30.0
        ],
        "lon_acc_hist": [
            0.0,
            0.5,
            1.0,
            1.5,
            2.0,
            2.5,
            3.0,
            3.5,
            4.0,
            4.5,
            5.0,
            5.5,
            6.0,
            6.5,
            7.0,
            7.5,
            8.0,
            8.5,
            9.0,
            9.5,
            10.0
        ],
        "lat_acc_hist": [
            0.0,
            0.5,
            1.0,
            1.5,
            2.0,
            2.5,
            3.0,
            3.5,
            4.0,
            4.5,
            5.0,
            5.5,
            6.0,
            6.5,
            7.0,
            7.5,
            8.0,
            8.5,
            9.0,
            9.5,
            10.0
        ],
        "jerk_hist": [
            0.0,
            1.0,
            2.0,
            3.0,
            4.0,
            5.0,
            6.0,
            7.0,
            8.0,
            9.0,
            10.0,
            11.0,
            12.0,
            13.0,
            14.0,
            15.0,
            16.0,
            17.0,
            18.0,
            19.0,
            20.0
        ]
    }
}