{
    "stats": {
        "vel_hist": [
            0.6967603954841876,
            0.032378514830657026,
            0.03989902531379286,
            0.053397377463011,
            0.05367786270247527,
            0.05006661524437275,
            0.03746230979594698,
            0.01903793562863754,
            0.010079938293247317,
            0.005031203982890399,
            0.0012446532501227121,
            0.0006486221162611316,
            0.00019283360213168777,
            7.012130986606829e-05,
            1.753032746651707e-05,
            3.506065493303414e-05,
            0.0,
            0.0,
            0.0,
            0.0
        ],
        "lon_acc_hist": [
            0.8575023215409041,
            0.06656082437168619,
            0.03025492016894827,
            0.018033130635353327,
            0.009915226312793938,
            0.006200760866309199,
            0.004223706677051194,
            0.0025761615193361895,
            0.0015277236916993683,
            0.0011083485606446395,
            0.00041937513105472853,
            0.0004493304975586377,
            0.00029955366503909176,
            0.00014977683251954588,
            0.0002695982985351826,
            0.00014977683251954588,
            0.00011982146601563671,
            8.986609951172754e-05,
            8.986609951172754e-05,
            5.991073300781836e-05
        ],
        "lat_acc_hist": [
            0.8445238032718012,
            0.07381246225349894,
            0.03705065252212274,
            0.019562534464196625,
            0.010687183257621512,
            0.005304203975527139,
            0.0032560460047790355,
            0.0022057085838825727,
            0.0012341464695533443,
            0.0006564608880602895,
            0.0005776855814930548,
            0.00015755061313446947,
            0.00031510122626893895,
            0.00010503374208964632,
            7.877530656723474e-05,
            0.00018380904865688107,
            0.00018380904865688107,
            5.251687104482316e-05,
            2.625843552241158e-05,
            2.625843552241158e-05
        ],
        "jerk_hist": [
            0.8039168082868011,
            0.08362331741792778,
            0.04067869763426938,
            0.023954034150683826,
            0.016212133473604708,
            0.010601278627498587,
            0.006824741711850235,
            0.004154190607213186,
            0.002805427423053061,
            0.0022119716220226054,
            0.0012138868657441129,
            0.0012408621294273153,
            0.00045857948261444263,
            0.0005395052736640501,
            0.00040462895524803766,
            0.0002967279005152276,
            0.00026975263683202505,
            0.00024277737314882256,
            0.00016185158209921504,
            0.00018882684578241756
        ]
    },
    "ticks": {
        "vel_hist": [
            0.0,
            1.5,
            3.0,
            4.5,
            6.0,
            7.5,
            9.0,
            10.5,
            12.0,
            13.5,
            15.0,
            16.5,
            18.0,
            19.5,
            21.0,
            22.5,
            24.0,
            25.5,
            27.0,
            28.5,
            30.0
        ],
        "lon_acc_hist": [
            0.0,
            0.5,
            1.0,
            1.5,
            2.0,
            2.5,
            3.0,
            3.5,
            4.0,
            4.5,
            5.0,
            5.5,
            6.0,
            6.5,
            7.0,
            7.5,
            8.0,
            8.5,
            9.0,
            9.5,
            10.0
        ],
        "lat_acc_hist": [
            0.0,
            0.5,
            1.0,
            1.5,
            2.0,
            2.5,
            3.0,
            3.5,
            4.0,
            4.5,
            5.0,
            5.5,
            6.0,
            6.5,
            7.0,
            7.5,
            8.0,
            8.5,
            9.0,
            9.5,
            10.0
        ],
        "jerk_hist": [
            0.0,
            1.0,
            2.0,
            3.0,
            4.0,
            5.0,
            6.0,
            7.0,
            8.0,
            9.0,
            10.0,
            11.0,
            12.0,
            13.0,
            14.0,
            15.0,
            16.0,
            17.0,
            18.0,
            19.0,
            20.0
        ]
    }
}